id,first_name,last_name,email,gender,ip_address
1,Cristina,Balchin,cbalchin0@amazonaws.com,Female,6.109.163.230
2,Buffy,Crutchley,bcrutchley1@shinystat.com,Female,244.235.57.12
3,Verna,Docwra,vdocwra2@biblegateway.com,Female,173.5.126.23
4,Basia,Godlee,bgodlee3@ameblo.jp,Female,225.18.183.179
5,Elora,MacVanamy,emacvanamy4@lycos.com,Female,181.101.85.56
6,Lindsey,Shellcross,lshellcross5@joomla.org,Female,167.3.158.179
7,Cloe,Landsman,clandsman6@about.me,Female,46.243.75.187
8,Terza,Trouel,ttrouel7@freewebs.com,Female,234.126.159.215
9,Jenilee,Emons,jemons8@hostgator.com,Female,153.81.218.180
10,Gunar,Russi,grussi9@ucsd.edu,Male,240.244.131.56
11,Bogey,Braidwood,bbraidwooda@slashdot.org,Male,31.25.1.246
12,Blakelee,Snazel,bsnazelb@topsy.com,Female,253.232.216.54
13,Kirbee,Panswick,kpanswickc@xrea.com,Female,238.42.142.59
14,Harbert,Worham,hworhamd@statcounter.com,Male,227.214.160.201
15,Bertie,Sendley,bsendleye@smh.com.au,Female,158.232.246.202
16,Dorri,Kaes,dkaesf@wordpress.com,Female,8.92.143.136
17,Denny,Dignall,ddignallg@google.it,Male,218.191.188.152
18,Ximenes,Bilbrey,xbilbreyh@typepad.com,Male,218.204.191.28
19,Sanderson,Kermit,skermiti@huffingtonpost.com,Male,15.151.20.240
20,Fergus,Coughlin,fcoughlinj@ihg.com,Male,54.120.83.180
21,Robers,Sandes,rsandesk@mozilla.org,Male,196.34.222.47
22,Van,Villaron,vvillaronl@exblog.jp,Male,70.31.59.70
23,Shaun,Spencley,sspencleym@blog.com,Female,233.49.234.62
24,Lief,Sparshett,lsparshettn@tuttocitta.it,Male,20.11.201.173
25,Giraud,Mcasparan,gmcasparano@plala.or.jp,Male,176.74.115.144
26,Reagen,Mossman,rmossmanp@elegantthemes.com,Male,143.129.16.17
27,Carolynn,Gartan,cgartanq@fc2.com,Female,218.47.45.99
28,Joshuah,Garnsworth,jgarnsworthr@hubpages.com,Male,63.254.34.151
29,Cathy,Christophers,cchristopherss@smugmug.com,Female,252.46.150.140
30,Hubert,Quest,hquestt@dell.com,Male,75.63.194.232
31,Walker,Scherer,wschereru@ucoz.ru,Male,253.39.25.205
32,Alvie,Brogiotti,abrogiottiv@wikipedia.org,Male,21.67.154.175
33,Wynn,Stanion,wstanionw@dion.ne.jp,Male,251.239.29.119
34,Emerson,Shirlaw,eshirlawx@psu.edu,Male,180.33.74.251
35,Ashley,Turvie,aturviey@samsung.com,Female,24.126.126.94
36,Diana,Kunrad,dkunradz@unc.edu,Female,239.193.129.87
37,Almeda,Chrichton,achrichton10@etsy.com,Female,66.197.107.203
38,Flossi,Motte,fmotte11@youtu.be,Female,61.209.141.5
39,Marshall,Gretham,mgretham12@blogs.com,Male,216.49.76.114
40,Tedmund,Housegoe,thousegoe13@buzzfeed.com,Male,145.179.203.90
41,Maura,Schnitter,mschnitter14@fc2.com,Female,122.60.90.1
42,Myrtia,Horley,mhorley15@google.it,Female,7.226.227.63
43,Vivien,Minghi,vminghi16@angelfire.com,Female,208.1.59.246
44,Giles,Wildbore,gwildbore17@usnews.com,Male,234.197.70.15
45,Katheryn,Snalham,ksnalham18@macromedia.com,Female,102.85.203.67
46,Benito,Roo,broo19@dailymotion.com,Male,51.110.140.9
47,Dyanna,Godly,dgodly1a@seesaa.net,Female,85.7.241.236
48,Philis,Ulster,pulster1b@technorati.com,Female,176.15.42.222
49,Barrie,Marchiso,bmarchiso1c@pbs.org,Female,142.71.84.33
50,Rebeka,Gonnet,rgonnet1d@dailymail.co.uk,Female,195.27.16.7
51,Salomo,Nevin,snevin1e@nba.com,Male,55.180.248.168
52,Cesare,Agget,cagget1f@slideshare.net,Male,102.132.245.139
53,Cello,Mosten,cmosten1g@npr.org,Male,216.13.11.27
54,Brit,Chifney,bchifney1h@angelfire.com,Female,111.109.50.135
55,Barret,Baseley,bbaseley1i@squarespace.com,Male,48.247.207.255
56,Ilene,Potes,ipotes1j@nytimes.com,Female,182.198.60.39
57,Milicent,Ilyukhov,milyukhov1k@ucoz.ru,Female,195.111.206.105
58,Olav,Cush,ocush1l@berkeley.edu,Male,134.56.146.236
59,Fifine,Olin,folin1m@furl.net,Female,100.42.210.126
60,Vevay,Dickins,vdickins1n@4shared.com,Female,117.115.155.115
61,Ruperta,Airds,rairds1o@etsy.com,Female,170.146.166.124
62,Bobbee,Bartoli,bbartoli1p@blog.com,Female,107.169.155.56
63,Wood,Rosenbusch,wrosenbusch1q@prlog.org,Male,162.168.26.4
64,Ilyssa,Duthie,iduthie1r@cargocollective.com,Female,184.187.76.49
65,Cinda,Gelderd,cgelderd1s@vimeo.com,Female,170.42.84.134
66,Florie,Fonso,ffonso1t@economist.com,Female,24.25.255.51
67,Jori,Bridson,jbridson1u@skyrock.com,Female,91.232.225.1
68,Hadleigh,Gurling,hgurling1v@ibm.com,Male,112.48.20.42
69,Eba,Harvison,eharvison1w@cloudflare.com,Female,106.85.92.64
70,Karlene,Beckhurst,kbeckhurst1x@myspace.com,Female,40.22.79.39
71,Buddie,Ortega,bortega1y@google.co.uk,Male,174.31.232.102
72,Wyn,Brunone,wbrunone1z@vk.com,Male,177.247.214.144
73,Anallise,Phillpotts,aphillpotts20@blogger.com,Female,100.189.0.163
74,Dalton,Goldberg,dgoldberg21@4shared.com,Male,50.164.221.231
75,Flori,Leschelle,fleschelle22@epa.gov,Female,247.123.39.106
76,Yorgo,Hubbold,yhubbold23@home.pl,Male,109.26.158.140
77,Odette,Raggitt,oraggitt24@360.cn,Female,238.250.96.90
78,Darci,Mangenet,dmangenet25@elegantthemes.com,Female,104.47.97.138
79,Urbano,Lombard,ulombard26@lycos.com,Male,144.155.180.156
80,Willy,Gergler,wgergler27@aol.com,Male,74.161.239.200
81,Gwennie,Fried,gfried28@cloudflare.com,Female,184.197.74.158
82,Cornela,Paulsen,cpaulsen29@com.com,Female,48.174.197.50
83,Ilse,Housbie,ihousbie2a@trellian.com,Female,171.82.124.80
84,Sarajane,Costan,scostan2b@mapy.cz,Female,236.2.91.217
85,Coretta,Corkill,ccorkill2c@dailymotion.com,Female,47.212.180.125
86,Kenneth,Eburah,keburah2d@netscape.com,Male,203.166.241.203
87,Gerald,Farnfield,gfarnfield2e@gravatar.com,Male,196.86.148.209
88,Pierson,Craythorne,pcraythorne2f@canalblog.com,Male,160.25.238.211
89,Grantham,Wudeland,gwudeland2g@technorati.com,Male,180.98.204.174
90,Gilemette,Guerra,gguerra2h@godaddy.com,Female,183.54.118.221
91,Dominik,Pruce,dpruce2i@princeton.edu,Male,101.149.8.146
92,Doralynn,Feldon,dfeldon2j@webeden.co.uk,Female,116.226.109.22
93,Gray,Steggals,gsteggals2k@wikimedia.org,Male,53.5.200.236
94,Rolph,Zammett,rzammett2l@mtv.com,Male,11.164.141.154
95,Borg,De Minico,bdeminico2m@omniture.com,Male,81.123.194.88
96,Hendrick,Indruch,hindruch2n@vinaora.com,Male,160.147.217.118
97,Giff,Booton,gbooton2o@marriott.com,Male,1.116.25.42
98,Edward,Daverin,edaverin2p@wikimedia.org,Male,14.246.59.79
99,Ginnie,Bowick,gbowick2q@unblog.fr,Female,69.54.94.41
100,Albertina,Hehnke,ahehnke2r@wikia.com,Female,71.184.132.165
